6ef6605f-8003-4a0a-8284-4bca61d31b98	Original Unverpackt	Großbeerenstraße 27A, 10965 Berlin	52.49413	13.3812313
